workload,middleware,input_type,n,p,mean_ms,std_ms,speedup,efficiency
fft,baseline,generated,1048576,1,109.781,0.9778,1.0,1.0
fft,mpi,generated,1048576,1,84.5384,1.2115,1.0,1.0
fft,mpi,generated,1048576,2,41.7619,0.4956,2.0243,1.0121
fft,mpi,generated,1048576,4,18.8589,0.0747,4.4827,1.1207
fft,mpi,generated,1048576,8,9.149,0.0766,9.2402,1.155
fft,mpi,generated,1048576,16,4.4582,0.0132,18.9626,1.1852
fft,mpi,generated,1048576,32,9.8521,6.9308,8.5807,0.2681
fft,openmp,generated,1048576,1,102.1308,0.7434,1.0749,1.0749
fft,openmp,generated,1048576,2,86.7864,0.8229,1.265,0.6325
fft,openmp,generated,1048576,4,77.3931,1.0076,1.4185,0.3546
fft,openmp,generated,1048576,8,75.0293,0.4517,1.4632,0.1829
fft,openmp,generated,1048576,16,73.3369,1.2195,1.4969,0.0936
fft,openmp,generated,1048576,32,72.9454,0.6795,1.505,0.047
fft,pthreads,generated,1048576,1,95.6598,2.7931,1.1476,1.1476
fft,pthreads,generated,1048576,2,78.9015,4.6573,1.3914,0.6957
fft,pthreads,generated,1048576,4,75.6129,5.4078,1.4519,0.363
fft,pthreads,generated,1048576,8,70.0752,4.8916,1.5666,0.1958
fft,pthreads,generated,1048576,16,68.9372,2.4793,1.5925,0.0995
fft,pthreads,generated,1048576,32,66.7292,2.0629,1.6452,0.0514
fir,baseline,generated,1048576,1,97.961,0.4742,1.0,1.0
fir,mpi,generated,1048576,1,81.1994,0.1082,1.0,1.0
fir,mpi,generated,1048576,2,40.9108,0.1506,1.9848,0.9924
fir,mpi,generated,1048576,4,20.5285,0.0308,3.9555,0.9889
fir,mpi,generated,1048576,8,10.3652,0.0934,7.8339,0.9792
fir,mpi,generated,1048576,16,5.1507,0.0099,15.7648,0.9853
fir,mpi,generated,1048576,32,3.1994,1.2926,25.3792,0.7931
fir,openmp,generated,1048576,1,89.6826,0.5249,1.0923,1.0923
fir,openmp,generated,1048576,2,45.733,0.4271,2.142,1.071
fir,openmp,generated,1048576,4,23.0181,0.1591,4.2558,1.064
fir,openmp,generated,1048576,8,11.634,0.0387,8.4202,1.0525
fir,openmp,generated,1048576,16,6.53,0.2997,15.0016,0.9376
fir,openmp,generated,1048576,32,4.0072,0.1665,24.4465,0.764
fir,pthreads,generated,1048576,1,118.3834,1.0959,0.8275,0.8275
fir,pthreads,generated,1048576,2,65.0626,2.2622,1.5056,0.7528
fir,pthreads,generated,1048576,4,37.329,4.2392,2.6243,0.6561
fir,pthreads,generated,1048576,8,23.9537,3.5609,4.0896,0.5112
fir,pthreads,generated,1048576,16,11.0042,4.5149,8.9022,0.5564
fir,pthreads,generated,1048576,32,8.0037,0.1134,12.2395,0.3825
fft,baseline,downloaded,1048576,1,110.1808,0.7158,1.0,1.0
fft,mpi,downloaded,1048576,1,84.6194,1.7459,1.0,1.0
fft,mpi,downloaded,1048576,2,42.4117,0.2912,1.9952,0.9976
fft,mpi,downloaded,1048576,4,18.7584,0.1126,4.511,1.1278
fft,mpi,downloaded,1048576,8,9.1929,0.1243,9.2049,1.1506
fft,mpi,downloaded,1048576,16,4.4334,0.0079,19.0866,1.1929
fft,mpi,downloaded,1048576,32,2.6329,0.8964,32.1397,1.0044
fft,openmp,downloaded,1048576,1,100.3053,0.9205,1.0985,1.0985
fft,openmp,downloaded,1048576,2,85.7699,0.3394,1.2846,0.6423
fft,openmp,downloaded,1048576,4,78.1762,0.8625,1.4094,0.3523
fft,openmp,downloaded,1048576,8,75.7147,1.8514,1.4552,0.1819
fft,openmp,downloaded,1048576,16,73.401,1.3499,1.5011,0.0938
fft,openmp,downloaded,1048576,32,77.1453,5.6809,1.4282,0.0446
fft,pthreads,downloaded,1048576,1,92.1767,6.3461,1.1953,1.1953
fft,pthreads,downloaded,1048576,2,79.6809,3.1948,1.3828,0.6914
fft,pthreads,downloaded,1048576,4,72.6188,5.5711,1.5172,0.3793
fft,pthreads,downloaded,1048576,8,70.7929,3.86,1.5564,0.1945
fft,pthreads,downloaded,1048576,16,69.4647,2.0893,1.5861,0.0991
fft,pthreads,downloaded,1048576,32,67.9235,1.2689,1.6221,0.0507
fir,baseline,downloaded,1048576,1,97.8614,0.5233,1.0,1.0
fir,mpi,downloaded,1048576,1,81.2042,0.0716,1.0,1.0
fir,mpi,downloaded,1048576,2,40.8772,0.1117,1.9865,0.9933
fir,mpi,downloaded,1048576,4,20.4958,0.0805,3.962,0.9905
fir,mpi,downloaded,1048576,8,10.3201,0.0418,7.8685,0.9836
fir,mpi,downloaded,1048576,16,5.1569,0.0088,15.7467,0.9842
fir,mpi,downloaded,1048576,32,10.7724,7.7472,7.5382,0.2356
fir,openmp,downloaded,1048576,1,89.8965,0.2787,1.0886,1.0886
fir,openmp,downloaded,1048576,2,45.5707,0.2137,2.1475,1.0737
fir,openmp,downloaded,1048576,4,23.0339,0.1479,4.2486,1.0621
fir,openmp,downloaded,1048576,8,11.8305,0.131,8.272,1.034
fir,openmp,downloaded,1048576,16,6.5518,0.1805,14.9366,0.9335
fir,openmp,downloaded,1048576,32,3.9246,0.1947,24.9354,0.7792
fir,pthreads,downloaded,1048576,1,117.6645,2.5759,0.8317,0.8317
fir,pthreads,downloaded,1048576,2,64.6293,2.5552,1.5142,0.7571
fir,pthreads,downloaded,1048576,4,37.2133,5.6434,2.6297,0.6574
fir,pthreads,downloaded,1048576,8,27.0205,1.0764,3.6217,0.4527
fir,pthreads,downloaded,1048576,16,11.9277,4.4852,8.2045,0.5128
fir,pthreads,downloaded,1048576,32,7.9826,0.0988,12.2593,0.3831
fft,baseline,generated,2097152,1,288.9875,2.7922,1.0,1.0
fft,mpi,generated,2097152,1,227.2167,2.1635,1.0,1.0
fft,mpi,generated,2097152,2,114.6292,2.0383,1.9822,0.9911
fft,mpi,generated,2097152,4,43.1197,0.4386,5.2694,1.3174
fft,mpi,generated,2097152,8,20.5544,1.0408,11.0544,1.3818
fft,mpi,generated,2097152,16,9.5502,0.1283,23.7918,1.487
fft,mpi,generated,2097152,32,14.3895,10.6031,15.7904,0.4935
fft,openmp,generated,2097152,1,259.9515,2.364,1.1117,1.1117
fft,openmp,generated,2097152,2,218.9909,5.6242,1.3196,0.6598
fft,openmp,generated,2097152,4,201.9585,2.7277,1.4309,0.3577
fft,openmp,generated,2097152,8,194.4157,1.735,1.4864,0.1858
fft,openmp,generated,2097152,16,195.9081,4.5656,1.4751,0.0922
fft,openmp,generated,2097152,32,194.639,1.4316,1.4847,0.0464
fft,pthreads,generated,2097152,1,176.5224,4.1677,1.6371,1.6371
fft,pthreads,generated,2097152,2,149.7239,0.7642,1.9301,0.9651
fft,pthreads,generated,2097152,4,135.2634,2.7719,2.1365,0.5341
fft,pthreads,generated,2097152,8,128.006,2.1975,2.2576,0.2822
fft,pthreads,generated,2097152,16,124.7739,2.164,2.3161,0.1448
fft,pthreads,generated,2097152,32,123.9874,2.3502,2.3308,0.0728
fir,baseline,generated,2097152,1,198.1342,0.8355,1.0,1.0
fir,mpi,generated,2097152,1,161.7818,0.3067,1.0,1.0
fir,mpi,generated,2097152,2,81.2854,0.1133,1.9903,0.9951
fir,mpi,generated,2097152,4,41.1515,0.2161,3.9314,0.9828
fir,mpi,generated,2097152,8,20.6264,0.0783,7.8434,0.9804
fir,mpi,generated,2097152,16,10.3199,0.0768,15.6767,0.9798
fir,mpi,generated,2097152,32,11.4914,9.033,14.0785,0.44
fir,openmp,generated,2097152,1,179.7525,0.8687,1.1023,1.1023
fir,openmp,generated,2097152,2,90.1101,0.4024,2.1988,1.0994
fir,openmp,generated,2097152,4,45.4624,0.195,4.3582,1.0895
fir,openmp,generated,2097152,8,23.1758,0.1762,8.5492,1.0686
fir,openmp,generated,2097152,16,12.1094,0.0844,16.362,1.0226
fir,openmp,generated,2097152,32,7.0542,0.2634,28.0876,0.8777
fir,pthreads,generated,2097152,1,222.084,4.6019,0.8922,0.8922
fir,pthreads,generated,2097152,2,117.9722,3.3772,1.6795,0.8397
fir,pthreads,generated,2097152,4,65.6346,3.0032,3.0187,0.7547
fir,pthreads,generated,2097152,8,43.1956,0.4039,4.5869,0.5734
fir,pthreads,generated,2097152,16,19.9449,4.6432,9.9341,0.6209
fir,pthreads,generated,2097152,32,17.0398,2.0022,11.6277,0.3634
fft,baseline,downloaded,2097152,1,287.67,2.3924,1.0,1.0
fft,mpi,downloaded,2097152,1,224.9091,1.7008,1.0,1.0
fft,mpi,downloaded,2097152,2,103.0818,15.6103,2.1819,1.0909
fft,mpi,downloaded,2097152,4,43.7281,2.3175,5.1434,1.2858
fft,mpi,downloaded,2097152,8,21.2232,1.0822,10.5973,1.3247
fft,mpi,downloaded,2097152,16,9.3895,0.0927,23.9532,1.4971
fft,mpi,downloaded,2097152,32,8.8995,5.8649,25.2721,0.7898
fft,openmp,downloaded,2097152,1,269.3199,0.7424,1.0681,1.0681
fft,openmp,downloaded,2097152,2,222.5901,2.1281,1.2924,0.6462
fft,openmp,downloaded,2097152,4,203.1408,3.4295,1.4161,0.354
fft,openmp,downloaded,2097152,8,197.8483,1.3383,1.454,0.1817
fft,openmp,downloaded,2097152,16,195.561,8.1693,1.471,0.0919
fft,openmp,downloaded,2097152,32,194.6715,3.6956,1.4777,0.0462
fft,pthreads,downloaded,2097152,1,178.817,3.4673,1.6087,1.6087
fft,pthreads,downloaded,2097152,2,149.6741,0.904,1.922,0.961
fft,pthreads,downloaded,2097152,4,135.8815,3.5693,2.1171,0.5293
fft,pthreads,downloaded,2097152,8,127.4011,1.4303,2.258,0.2822
fft,pthreads,downloaded,2097152,16,123.9555,2.6134,2.3208,0.145
fft,pthreads,downloaded,2097152,32,125.0979,2.494,2.2996,0.0719
fir,baseline,downloaded,2097152,1,197.7098,0.5281,1.0,1.0
fir,mpi,downloaded,2097152,1,161.9129,0.0869,1.0,1.0
fir,mpi,downloaded,2097152,2,81.3002,0.1247,1.9915,0.9958
fir,mpi,downloaded,2097152,4,40.9148,0.1298,3.9573,0.9893
fir,mpi,downloaded,2097152,8,20.6092,0.0612,7.8563,0.982
fir,mpi,downloaded,2097152,16,10.3069,0.0787,15.7091,0.9818
fir,mpi,downloaded,2097152,32,9.9347,7.3453,16.2977,0.5093
fir,openmp,downloaded,2097152,1,179.6477,0.2407,1.1005,1.1005
fir,openmp,downloaded,2097152,2,90.191,0.0842,2.1921,1.0961
fir,openmp,downloaded,2097152,4,45.7795,0.1743,4.3187,1.0797
fir,openmp,downloaded,2097152,8,23.0351,0.2007,8.583,1.0729
fir,openmp,downloaded,2097152,16,12.0036,0.1144,16.4709,1.0294
fir,openmp,downloaded,2097152,32,7.1411,0.2644,27.6861,0.8652
fir,pthreads,downloaded,2097152,1,224.3501,3.9338,0.8813,0.8813
fir,pthreads,downloaded,2097152,2,117.5752,3.0368,1.6816,0.8408
fir,pthreads,downloaded,2097152,4,67.4539,2.4725,2.931,0.7328
fir,pthreads,downloaded,2097152,8,42.6298,1.1597,4.6378,0.5797
fir,pthreads,downloaded,2097152,16,22.1764,3.943,8.9153,0.5572
fir,pthreads,downloaded,2097152,32,16.9914,1.8422,11.6358,0.3636
fft,baseline,generated,4194304,1,619.2647,18.2681,1.0,1.0
fft,mpi,generated,4194304,1,508.8157,0.882,1.0,1.0
fft,mpi,generated,4194304,2,251.3801,1.4636,2.0241,1.012
fft,mpi,generated,4194304,4,106.8948,11.8738,4.76,1.19
fft,mpi,generated,4194304,8,56.7434,9.7578,8.967,1.1209
fft,mpi,generated,4194304,16,20.2383,0.7297,25.1413,1.5713
fft,mpi,generated,4194304,32,13.734,4.8504,37.0479,1.1577
fft,openmp,generated,4194304,1,560.8685,5.1592,1.1041,1.1041
fft,openmp,generated,4194304,2,485.0327,6.2474,1.2767,0.6384
fft,openmp,generated,4194304,4,445.3732,5.8426,1.3904,0.3476
fft,openmp,generated,4194304,8,420.2698,7.5137,1.4735,0.1842
fft,openmp,generated,4194304,16,407.9515,2.6071,1.518,0.0949
fft,openmp,generated,4194304,32,408.1135,10.2427,1.5174,0.0474
fft,pthreads,generated,4194304,1,393.7643,2.752,1.5727,1.5727
fft,pthreads,generated,4194304,2,333.7692,3.4508,1.8554,0.9277
fft,pthreads,generated,4194304,4,305.2146,1.987,2.0289,0.5072
fft,pthreads,generated,4194304,8,281.323,2.9142,2.2013,0.2752
fft,pthreads,generated,4194304,16,267.7261,3.6955,2.3131,0.1446
fft,pthreads,generated,4194304,32,268.8486,4.909,2.3034,0.072
fir,baseline,generated,4194304,1,394.4194,2.3207,1.0,1.0
fir,mpi,generated,4194304,1,323.3939,0.2364,1.0,1.0
fir,mpi,generated,4194304,2,161.9677,0.1013,1.9967,0.9983
fir,mpi,generated,4194304,4,81.2892,0.1345,3.9783,0.9946
fir,mpi,generated,4194304,8,41.0875,0.1859,7.8709,0.9839
fir,mpi,generated,4194304,16,20.6759,0.0637,15.6411,0.9776
fir,mpi,generated,4194304,32,28.799,6.32,11.2294,0.3509
fir,openmp,generated,4194304,1,359.1345,0.8035,1.0982,1.0982
fir,openmp,generated,4194304,2,180.0977,0.7277,2.19,1.095
fir,openmp,generated,4194304,4,90.3745,0.3894,4.3643,1.0911
fir,openmp,generated,4194304,8,45.6572,0.3529,8.6387,1.0798
fir,openmp,generated,4194304,16,23.4283,0.2514,16.8351,1.0522
fir,openmp,generated,4194304,32,12.8155,0.2523,30.7767,0.9618
fir,pthreads,generated,4194304,1,435.6806,1.8016,0.9053,0.9053
fir,pthreads,generated,4194304,2,222.1527,4.3689,1.7754,0.8877
fir,pthreads,generated,4194304,4,120.3506,4.2752,3.2773,0.8193
fir,pthreads,generated,4194304,8,70.3578,1.4048,5.6059,0.7007
fir,pthreads,generated,4194304,16,39.6882,5.244,9.9379,0.6211
fir,pthreads,generated,4194304,32,35.6115,5.4653,11.0756,0.3461
fft,baseline,downloaded,4194304,1,615.1808,6.8502,1.0,1.0
fft,mpi,downloaded,4194304,1,508.905,1.4255,1.0,1.0
fft,mpi,downloaded,4194304,2,251.9186,1.2133,2.0201,1.0101
fft,mpi,downloaded,4194304,4,111.5974,1.4581,4.5602,1.14
fft,mpi,downloaded,4194304,8,58.8257,6.571,8.6511,1.0814
fft,mpi,downloaded,4194304,16,20.7699,1.5212,24.502,1.5314
fft,mpi,downloaded,4194304,32,13.7975,6.5008,36.8838,1.1526
fft,openmp,downloaded,4194304,1,565.4877,11.5605,1.0879,1.0879
fft,openmp,downloaded,4194304,2,479.6448,1.0717,1.2826,0.6413
fft,openmp,downloaded,4194304,4,443.0893,9.9853,1.3884,0.3471
fft,openmp,downloaded,4194304,8,428.9411,12.4632,1.4342,0.1793
fft,openmp,downloaded,4194304,16,423.8699,7.5899,1.4513,0.0907
fft,openmp,downloaded,4194304,32,421.3012,6.1669,1.4602,0.0456
fft,pthreads,downloaded,4194304,1,392.8918,6.3359,1.5658,1.5658
fft,pthreads,downloaded,4194304,2,332.8229,1.6005,1.8484,0.9242
fft,pthreads,downloaded,4194304,4,302.7781,1.4115,2.0318,0.5079
fft,pthreads,downloaded,4194304,8,280.8562,2.4169,2.1904,0.2738
fft,pthreads,downloaded,4194304,16,268.129,4.449,2.2943,0.1434
fft,pthreads,downloaded,4194304,32,268.1761,2.4476,2.2939,0.0717
fir,baseline,downloaded,4194304,1,393.6303,1.9253,1.0,1.0
fir,mpi,downloaded,4194304,1,323.3193,0.5475,1.0,1.0
fir,mpi,downloaded,4194304,2,162.4238,0.3738,1.9906,0.9953
fir,mpi,downloaded,4194304,4,81.2063,0.1159,3.9815,0.9954
fir,mpi,downloaded,4194304,8,41.0119,0.0895,7.8835,0.9854
fir,mpi,downloaded,4194304,16,20.653,0.0281,15.6548,0.9784
fir,mpi,downloaded,4194304,32,17.5954,6.1822,18.3752,0.5742
fir,openmp,downloaded,4194304,1,360.587,1.3931,1.0916,1.0916
fir,openmp,downloaded,4194304,2,180.1155,0.8701,2.1854,1.0927
fir,openmp,downloaded,4194304,4,90.0953,0.3397,4.369,1.0923
fir,openmp,downloaded,4194304,8,45.5061,0.2241,8.6501,1.0813
fir,openmp,downloaded,4194304,16,23.555,0.172,16.7111,1.0444
fir,openmp,downloaded,4194304,32,12.7828,0.2663,30.7938,0.9623
fir,pthreads,downloaded,4194304,1,432.3547,3.5057,0.9104,0.9104
fir,pthreads,downloaded,4194304,2,224.4255,2.8715,1.7539,0.877
fir,pthreads,downloaded,4194304,4,123.936,1.9278,3.1761,0.794
fir,pthreads,downloaded,4194304,8,68.8895,3.045,5.7139,0.7142
fir,pthreads,downloaded,4194304,16,38.7479,4.4515,10.1588,0.6349
fir,pthreads,downloaded,4194304,32,33.1333,3.1271,11.8802,0.3713
fft,baseline,generated,8388608,1,1283.5612,13.7408,1.0,1.0
fft,mpi,generated,8388608,1,1054.2604,2.3474,1.0,1.0
fft,mpi,generated,8388608,2,516.7558,2.9905,2.0402,1.0201
fft,mpi,generated,8388608,4,252.9415,4.1838,4.168,1.042
fft,mpi,generated,8388608,8,137.2884,5.7239,7.6792,0.9599
fft,mpi,generated,8388608,16,56.9863,2.9785,18.5003,1.1563
fft,mpi,generated,8388608,32,22.2143,0.9419,47.4587,1.4831
fft,openmp,generated,8388608,1,1157.1229,8.4621,1.1093,1.1093
fft,openmp,generated,8388608,2,991.1663,4.9152,1.295,0.6475
fft,openmp,generated,8388608,4,912.473,7.5182,1.4067,0.3517
fft,openmp,generated,8388608,8,864.3212,3.7751,1.4851,0.1856
fft,openmp,generated,8388608,16,860.3356,10.667,1.4919,0.0932
fft,openmp,generated,8388608,32,844.5666,10.3115,1.5198,0.0475
fft,pthreads,generated,8388608,1,864.4084,12.366,1.4849,1.4849
fft,pthreads,generated,8388608,2,726.6526,13.1281,1.7664,0.8832
fft,pthreads,generated,8388608,4,658.022,2.2637,1.9506,0.4877
fft,pthreads,generated,8388608,8,609.0015,1.216,2.1076,0.2635
fft,pthreads,generated,8388608,16,586.3951,9.8282,2.1889,0.1368
fft,pthreads,generated,8388608,32,603.3181,2.2565,2.1275,0.0665
fir,baseline,generated,8388608,1,776.7137,14.032,1.0,1.0
fir,mpi,generated,8388608,1,645.8211,0.4482,1.0,1.0
fir,mpi,generated,8388608,2,323.8318,0.3016,1.9943,0.9972
fir,mpi,generated,8388608,4,162.2363,0.4574,3.9807,0.9952
fir,mpi,generated,8388608,8,81.3655,0.2036,7.9373,0.9922
fir,mpi,generated,8388608,16,40.9749,0.1562,15.7614,0.9851
fir,mpi,generated,8388608,32,24.877,9.5756,25.9606,0.8113
fir,openmp,generated,8388608,1,723.2703,4.0609,1.0739,1.0739
fir,openmp,generated,8388608,2,359.3673,0.9124,2.1613,1.0807
fir,openmp,generated,8388608,4,179.7531,0.4482,4.321,1.0803
fir,openmp,generated,8388608,8,90.9862,0.2335,8.5366,1.0671
fir,openmp,generated,8388608,16,46.5239,0.2723,16.695,1.0434
fir,openmp,generated,8388608,32,25.0609,0.9417,30.993,0.9685
fir,pthreads,generated,8388608,1,858.0851,0.5772,0.9052,0.9052
fir,pthreads,generated,8388608,2,436.7298,2.3857,1.7785,0.8892
fir,pthreads,generated,8388608,4,234.3648,3.2195,3.3141,0.8285
fir,pthreads,generated,8388608,8,127.3392,3.645,6.0996,0.7624
fir,pthreads,generated,8388608,16,74.8562,3.194,10.3761,0.6485
fir,pthreads,generated,8388608,32,67.1086,4.5638,11.574,0.3617
fft,baseline,downloaded,8388608,1,1286.0317,9.3229,1.0,1.0
fft,mpi,downloaded,8388608,1,1053.5894,1.5625,1.0,1.0
fft,mpi,downloaded,8388608,2,518.7137,3.8177,2.0312,1.0156
fft,mpi,downloaded,8388608,4,252.5432,7.8281,4.1719,1.043
fft,mpi,downloaded,8388608,8,134.5117,13.5107,7.8327,0.9791
fft,mpi,downloaded,8388608,16,57.8014,4.5897,18.2277,1.1392
fft,mpi,downloaded,8388608,32,24.352,3.1086,43.265,1.352
fft,openmp,downloaded,8388608,1,1171.9447,10.8728,1.0973,1.0973
fft,openmp,downloaded,8388608,2,1005.3227,7.0325,1.2792,0.6396
fft,openmp,downloaded,8388608,4,936.4772,7.908,1.3733,0.3433
fft,openmp,downloaded,8388608,8,887.7263,3.6389,1.4487,0.1811
fft,openmp,downloaded,8388608,16,874.8669,10.9573,1.47,0.0919
fft,openmp,downloaded,8388608,32,860.4435,5.2235,1.4946,0.0467
fft,pthreads,downloaded,8388608,1,853.0218,6.7368,1.5076,1.5076
fft,pthreads,downloaded,8388608,2,723.4429,13.8163,1.7777,0.8888
fft,pthreads,downloaded,8388608,4,658.5694,4.9314,1.9528,0.4882
fft,pthreads,downloaded,8388608,8,617.2539,14.5285,2.0835,0.2604
fft,pthreads,downloaded,8388608,16,589.147,11.2344,2.1829,0.1364
fft,pthreads,downloaded,8388608,32,602.3382,2.0407,2.1351,0.0667
fir,baseline,downloaded,8388608,1,790.6144,4.3759,1.0,1.0
fir,mpi,downloaded,8388608,1,645.9625,0.8598,1.0,1.0
fir,mpi,downloaded,8388608,2,323.9981,0.3805,1.9937,0.9969
fir,mpi,downloaded,8388608,4,162.1825,0.2541,3.9829,0.9957
fir,mpi,downloaded,8388608,8,81.4243,0.1942,7.9333,0.9917
fir,mpi,downloaded,8388608,16,41.1087,0.2344,15.7135,0.9821
fir,mpi,downloaded,8388608,32,30.7298,13.9077,21.0207,0.6569
fir,openmp,downloaded,8388608,1,720.1656,3.8622,1.0978,1.0978
fir,openmp,downloaded,8388608,2,359.2926,3.3653,2.2005,1.1002
fir,openmp,downloaded,8388608,4,179.4779,0.7874,4.4051,1.1013
fir,openmp,downloaded,8388608,8,90.8615,0.1513,8.7013,1.0877
fir,openmp,downloaded,8388608,16,46.0424,0.4961,17.1714,1.0732
fir,openmp,downloaded,8388608,32,24.3067,0.1934,32.5266,1.0165
fir,pthreads,downloaded,8388608,1,858.6998,0.603,0.9207,0.9207
fir,pthreads,downloaded,8388608,2,436.6707,4.4001,1.8106,0.9053
fir,pthreads,downloaded,8388608,4,235.6094,2.5354,3.3556,0.8389
fir,pthreads,downloaded,8388608,8,127.5948,5.126,6.1963,0.7745
fir,pthreads,downloaded,8388608,16,74.0834,4.6193,10.6719,0.667
fir,pthreads,downloaded,8388608,32,65.9529,3.8814,11.9876,0.3746
fft,baseline,generated,16777216,1,2631.1436,15.5247,1.0,1.0
fft,mpi,generated,16777216,1,2164.0524,2.8029,1.0,1.0
fft,mpi,generated,16777216,2,1067.0846,3.7518,2.028,1.014
fft,mpi,generated,16777216,4,543.5197,11.5002,3.9816,0.9954
fft,mpi,generated,16777216,8,277.7807,7.0471,7.7905,0.9738
fft,mpi,generated,16777216,16,159.4448,8.0289,13.5724,0.8483
fft,mpi,generated,16777216,32,94.5521,2.1467,22.8874,0.7152
fft,openmp,generated,16777216,1,2391.4072,27.5677,1.1002,1.1002
fft,openmp,generated,16777216,2,2026.7525,14.306,1.2982,0.6491
fft,openmp,generated,16777216,4,1879.971,22.5388,1.3996,0.3499
fft,openmp,generated,16777216,8,1809.3092,16.2325,1.4542,0.1818
fft,openmp,generated,16777216,16,1773.9113,20.0492,1.4832,0.0927
fft,openmp,generated,16777216,32,1769.9373,4.6841,1.4866,0.0465
fft,pthreads,generated,16777216,1,1812.5742,18.0866,1.4516,1.4516
fft,pthreads,generated,16777216,2,1536.3212,22.2177,1.7126,0.8563
fft,pthreads,generated,16777216,4,1404.0948,11.9933,1.8739,0.4685
fft,pthreads,generated,16777216,8,1320.1823,24.3447,1.993,0.2491
fft,pthreads,generated,16777216,16,1262.4805,33.6482,2.0841,0.1303
fft,pthreads,generated,16777216,32,1291.1406,4.1903,2.0378,0.0637
fir,baseline,generated,16777216,1,1576.6716,18.2582,1.0,1.0
fir,mpi,generated,16777216,1,1291.4592,0.2871,1.0,1.0
fir,mpi,generated,16777216,2,646.4829,1.0124,1.9977,0.9988
fir,mpi,generated,16777216,4,323.6905,0.5032,3.9898,0.9974
fir,mpi,generated,16777216,8,162.4835,0.4949,7.9482,0.9935
fir,mpi,generated,16777216,16,81.4863,0.4064,15.8488,0.9905
fir,mpi,generated,16777216,32,41.0719,0.0128,31.4439,0.9826
fir,openmp,generated,16777216,1,1434.4625,7.7849,1.0991,1.0991
fir,openmp,generated,16777216,2,719.709,4.0269,2.1907,1.0954
fir,openmp,generated,16777216,4,361.9077,1.2814,4.3566,1.0891
fir,openmp,generated,16777216,8,181.1161,0.7932,8.7053,1.0882
fir,openmp,generated,16777216,16,91.4389,0.1377,17.2429,1.0777
fir,openmp,generated,16777216,32,47.32,0.3817,33.3193,1.0412
fir,pthreads,generated,16777216,1,1705.5534,1.5051,0.9244,0.9244
fir,pthreads,generated,16777216,2,863.3037,1.8734,1.8263,0.9132
fir,pthreads,generated,16777216,4,457.5287,1.3181,3.4461,0.8615
fir,pthreads,generated,16777216,8,242.4217,1.8863,6.5038,0.813
fir,pthreads,generated,16777216,16,144.6118,1.919,10.9028,0.6814
fir,pthreads,generated,16777216,32,126.2708,3.8258,12.4864,0.3902
fft,baseline,downloaded,16777216,1,2630.3016,9.3308,1.0,1.0
fft,mpi,downloaded,16777216,1,2165.5194,1.6966,1.0,1.0
fft,mpi,downloaded,16777216,2,1094.2146,58.3785,1.9791,0.9895
fft,mpi,downloaded,16777216,4,542.863,12.1117,3.9891,0.9973
fft,mpi,downloaded,16777216,8,271.8542,7.0271,7.9657,0.9957
fft,mpi,downloaded,16777216,16,165.6676,15.0169,13.0715,0.817
fft,mpi,downloaded,16777216,32,95.0316,0.9578,22.7874,0.7121
fft,openmp,downloaded,16777216,1,2381.6765,22.712,1.1044,1.1044
fft,openmp,downloaded,16777216,2,2031.9266,44.4143,1.2945,0.6472
fft,openmp,downloaded,16777216,4,1843.8324,15.6692,1.4265,0.3566
fft,openmp,downloaded,16777216,8,1800.9136,16.3109,1.4605,0.1826
fft,openmp,downloaded,16777216,16,1772.1294,3.7779,1.4843,0.0928
fft,openmp,downloaded,16777216,32,1777.0856,26.278,1.4801,0.0463
fft,pthreads,downloaded,16777216,1,1819.7598,29.0704,1.4454,1.4454
fft,pthreads,downloaded,16777216,2,1570.4045,26.0228,1.6749,0.8375
fft,pthreads,downloaded,16777216,4,1413.0438,32.8804,1.8614,0.4654
fft,pthreads,downloaded,16777216,8,1312.8283,28.2947,2.0035,0.2504
fft,pthreads,downloaded,16777216,16,1277.6556,30.733,2.0587,0.1287
fft,pthreads,downloaded,16777216,32,1290.5463,1.1998,2.0381,0.0637
fir,baseline,downloaded,16777216,1,1572.1875,30.0552,1.0,1.0
fir,mpi,downloaded,16777216,1,1291.7123,1.9255,1.0,1.0
fir,mpi,downloaded,16777216,2,646.4703,1.0919,1.9981,0.999
fir,mpi,downloaded,16777216,4,323.8824,0.2225,3.9882,0.9971
fir,mpi,downloaded,16777216,8,162.6876,0.2242,7.9398,0.9925
fir,mpi,downloaded,16777216,16,81.4719,0.1338,15.8547,0.9909
fir,mpi,downloaded,16777216,32,41.0358,0.1278,31.4777,0.9837
fir,openmp,downloaded,16777216,1,1435.2935,3.858,1.0954,1.0954
fir,openmp,downloaded,16777216,2,719.4787,1.6202,2.1852,1.0926
fir,openmp,downloaded,16777216,4,361.1058,1.7655,4.3538,1.0885
fir,openmp,downloaded,16777216,8,181.1835,0.4626,8.6773,1.0847
fir,openmp,downloaded,16777216,16,91.3643,0.2854,17.2079,1.0755
fir,openmp,downloaded,16777216,32,47.1936,0.42,33.3136,1.041
fir,pthreads,downloaded,16777216,1,1701.9457,4.0743,0.9238,0.9238
fir,pthreads,downloaded,16777216,2,861.998,4.1867,1.8239,0.9119
fir,pthreads,downloaded,16777216,4,458.4547,0.9947,3.4293,0.8573
fir,pthreads,downloaded,16777216,8,242.9555,2.0162,6.4711,0.8089
fir,pthreads,downloaded,16777216,16,141.3451,2.981,11.123,0.6952
fir,pthreads,downloaded,16777216,32,126.8482,3.1304,12.3942,0.3873
fft,baseline,generated,33554432,1,5427.7508,58.6711,1.0,1.0
fft,mpi,generated,33554432,1,4438.4438,3.5334,1.0,1.0
fft,mpi,generated,33554432,2,2186.6767,2.7783,2.0298,1.0149
fft,mpi,generated,33554432,4,1114.8344,21.0765,3.9813,0.9953
fft,mpi,generated,33554432,8,555.3466,19.8321,7.9922,0.999
fft,mpi,generated,33554432,16,351.3965,33.7027,12.6309,0.7894
fft,mpi,generated,33554432,32,225.5152,29.8805,19.6814,0.615
fft,openmp,generated,33554432,1,4882.5179,14.4576,1.1117,1.1117
fft,openmp,generated,33554432,2,4153.9102,12.6134,1.3067,0.6533
fft,openmp,generated,33554432,4,3824.8645,22.1405,1.4191,0.3548
fft,openmp,generated,33554432,8,3775.9492,78.4547,1.4375,0.1797
fft,openmp,generated,33554432,16,3665.8697,12.2147,1.4806,0.0925
fft,openmp,generated,33554432,32,3661.6948,26.3144,1.4823,0.0463
fft,pthreads,generated,33554432,1,3890.9325,27.4208,1.395,1.395
fft,pthreads,generated,33554432,2,3294.8853,47.0812,1.6473,0.8237
fft,pthreads,generated,33554432,4,2978.9472,60.6239,1.822,0.4555
fft,pthreads,generated,33554432,8,2799.9531,50.9645,1.9385,0.2423
fft,pthreads,generated,33554432,16,2694.8833,55.1278,2.0141,0.1259
fft,pthreads,generated,33554432,32,2721.1834,39.7977,1.9946,0.0623
fir,baseline,generated,33554432,1,3210.1337,17.1327,1.0,1.0
fir,mpi,generated,33554432,1,2575.7412,4.9339,1.0,1.0
fir,mpi,generated,33554432,2,1291.4153,0.5978,1.9945,0.9973
fir,mpi,generated,33554432,4,646.3981,0.3785,3.9848,0.9962
fir,mpi,generated,33554432,8,324.6974,0.841,7.9327,0.9916
fir,mpi,generated,33554432,16,163.1197,0.0385,15.7905,0.9869
fir,mpi,generated,33554432,32,81.7928,1.1446,31.4911,0.9841
fir,openmp,generated,33554432,1,2886.8032,5.6,1.112,1.112
fir,openmp,generated,33554432,2,1450.8239,2.4922,2.2126,1.1063
fir,openmp,generated,33554432,4,726.3039,3.7705,4.4198,1.105
fir,openmp,generated,33554432,8,363.5449,1.3194,8.8301,1.1038
fir,openmp,generated,33554432,16,182.1149,0.3142,17.627,1.1017
fir,openmp,generated,33554432,32,93.193,0.1315,34.4461,1.0764
fir,pthreads,generated,33554432,1,3397.6507,1.3833,0.9448,0.9448
fir,pthreads,generated,33554432,2,1713.5118,3.1185,1.8734,0.9367
fir,pthreads,generated,33554432,4,905.4334,1.7608,3.5454,0.8864
fir,pthreads,generated,33554432,8,470.123,2.0351,6.8283,0.8535
fir,pthreads,generated,33554432,16,270.8196,2.2994,11.8534,0.7408
fir,pthreads,generated,33554432,32,244.2418,2.5459,13.1433,0.4107
fft,baseline,downloaded,33554432,1,5408.6492,35.8972,1.0,1.0
fft,mpi,downloaded,33554432,1,4439.7252,3.9146,1.0,1.0
fft,mpi,downloaded,33554432,2,2189.3237,7.2565,2.0279,1.0139
fft,mpi,downloaded,33554432,4,1105.0555,8.4251,4.0176,1.0044
fft,mpi,downloaded,33554432,8,557.4909,11.5086,7.9638,0.9955
fft,mpi,downloaded,33554432,16,328.5444,14.5179,13.5133,0.8446
fft,mpi,downloaded,33554432,32,218.0053,5.7031,20.3652,0.6364
fft,openmp,downloaded,33554432,1,4950.1234,66.9735,1.0926,1.0926
fft,openmp,downloaded,33554432,2,4175.5047,15.0831,1.2953,0.6477
fft,openmp,downloaded,33554432,4,3801.1931,28.3436,1.4229,0.3557
fft,openmp,downloaded,33554432,8,3673.2401,36.337,1.4724,0.1841
fft,openmp,downloaded,33554432,16,3654.8199,35.2451,1.4799,0.0925
fft,openmp,downloaded,33554432,32,3647.9317,33.9793,1.4827,0.0463
fft,pthreads,downloaded,33554432,1,3884.4342,22.5486,1.3924,1.3924
fft,pthreads,downloaded,33554432,2,3291.1654,53.5778,1.6434,0.8217
fft,pthreads,downloaded,33554432,4,2968.5616,46.2099,1.822,0.4555
fft,pthreads,downloaded,33554432,8,2757.3622,43.2594,1.9615,0.2452
fft,pthreads,downloaded,33554432,16,2689.9035,59.0042,2.0107,0.1257
fft,pthreads,downloaded,33554432,32,2713.0466,27.6227,1.9936,0.0623
fir,baseline,downloaded,33554432,1,3197.6381,32.1816,1.0,1.0
fir,mpi,downloaded,33554432,1,2578.6304,4.9281,1.0,1.0
fir,mpi,downloaded,33554432,2,1291.9319,0.6401,1.9959,0.998
fir,mpi,downloaded,33554432,4,646.5556,0.5764,3.9883,0.9971
fir,mpi,downloaded,33554432,8,324.1771,0.3087,7.9544,0.9943
fir,mpi,downloaded,33554432,16,163.1427,0.2095,15.806,0.9879
fir,mpi,downloaded,33554432,32,81.51,0.1417,31.6358,0.9886
fir,openmp,downloaded,33554432,1,2887.2841,5.9351,1.1075,1.1075
fir,openmp,downloaded,33554432,2,1445.3446,4.0446,2.2124,1.1062
fir,openmp,downloaded,33554432,4,723.358,1.3715,4.4205,1.1051
fir,openmp,downloaded,33554432,8,362.2111,1.1398,8.8281,1.1035
fir,openmp,downloaded,33554432,16,181.8678,0.0742,17.5822,1.0989
fir,openmp,downloaded,33554432,32,97.5423,2.875,32.7821,1.0244
fir,pthreads,downloaded,33554432,1,3395.6937,4.8489,0.9417,0.9417
fir,pthreads,downloaded,33554432,2,1713.1065,2.4807,1.8666,0.9333
fir,pthreads,downloaded,33554432,4,902.3088,4.2534,3.5438,0.886
fir,pthreads,downloaded,33554432,8,472.008,2.1034,6.7745,0.8468
fir,pthreads,downloaded,33554432,16,271.2936,1.7784,11.7866,0.7367
fir,pthreads,downloaded,33554432,32,240.8544,0.9889,13.2762,0.4149
fft,baseline,generated,67108864,1,11012.8098,34.5196,1.0,1.0
fft,mpi,generated,67108864,1,9074.5255,17.6923,1.0,1.0
fft,mpi,generated,67108864,2,4479.2415,4.7635,2.0259,1.013
fft,mpi,generated,67108864,4,2232.5974,6.9252,4.0646,1.0161
fft,mpi,generated,67108864,8,1131.983,8.0674,8.0165,1.0021
fft,mpi,generated,67108864,16,669.9051,12.989,13.546,0.8466
fft,mpi,generated,67108864,32,454.0769,4.9138,19.9846,0.6245
fft,openmp,generated,67108864,1,9912.3001,227.004,1.111,1.111
fft,openmp,generated,67108864,2,8333.0313,66.9257,1.3216,0.6608
fft,openmp,generated,67108864,4,7666.5699,18.7924,1.4365,0.3591
fft,openmp,generated,67108864,8,7392.9943,56.5587,1.4896,0.1862
fft,openmp,generated,67108864,16,7459.3925,148.402,1.4764,0.0923
fft,openmp,generated,67108864,32,7299.8891,13.7439,1.5086,0.0471
fft,pthreads,generated,67108864,1,8136.5314,68.3405,1.3535,1.3535
fft,pthreads,generated,67108864,2,6920.5985,26.1766,1.5913,0.7957
fft,pthreads,generated,67108864,4,6334.3166,43.5947,1.7386,0.4346
fft,pthreads,generated,67108864,8,5783.909,80.609,1.904,0.238
fft,pthreads,generated,67108864,16,5606.8944,64.6538,1.9642,0.1228
fft,pthreads,generated,67108864,32,5696.2733,20.2597,1.9333,0.0604
fir,baseline,generated,67108864,1,6289.2442,54.965,1.0,1.0
fir,mpi,generated,67108864,1,5154.4769,9.9738,1.0,1.0
fir,mpi,generated,67108864,2,2580.2268,1.6762,1.9977,0.9988
fir,mpi,generated,67108864,4,1291.8588,0.4669,3.99,0.9975
fir,mpi,generated,67108864,8,647.0947,0.6355,7.9656,0.9957
fir,mpi,generated,67108864,16,324.6283,0.293,15.8781,0.9924
fir,mpi,generated,67108864,32,162.2204,0.0506,31.7745,0.993
fir,openmp,generated,67108864,1,5711.1566,21.5188,1.1012,1.1012
fir,openmp,generated,67108864,2,2852.3652,1.6297,2.2049,1.1025
fir,openmp,generated,67108864,4,1426.9046,2.5541,4.4076,1.1019
fir,openmp,generated,67108864,8,714.517,0.2483,8.8021,1.1003
fir,openmp,generated,67108864,16,357.1894,0.2534,17.6076,1.1005
fir,openmp,generated,67108864,32,181.2608,0.159,34.6972,1.0843
fir,pthreads,generated,67108864,1,6783.3192,1.8277,0.9272,0.9272
fir,pthreads,generated,67108864,2,3413.6878,5.1693,1.8424,0.9212
fir,pthreads,generated,67108864,4,1797.0865,2.0714,3.4997,0.8749
fir,pthreads,generated,67108864,8,927.1269,1.9045,6.7836,0.8479
fir,pthreads,generated,67108864,16,542.1724,25.923,11.6001,0.725
fir,pthreads,generated,67108864,32,477.2882,0.7456,13.177,0.4118
fft,baseline,downloaded,67108864,1,11229.1686,488.4886,1.0,1.0
fft,mpi,downloaded,67108864,1,9082.8449,10.2072,1.0,1.0
fft,mpi,downloaded,67108864,2,4482.3935,14.0317,2.0263,1.0132
fft,mpi,downloaded,67108864,4,2280.7072,53.1209,3.9825,0.9956
fft,mpi,downloaded,67108864,8,1149.9165,55.7712,7.8987,0.9873
fft,mpi,downloaded,67108864,16,657.5896,13.3078,13.8123,0.8633
fft,mpi,downloaded,67108864,32,450.4051,1.6807,20.1659,0.6302
fft,openmp,downloaded,67108864,1,9779.6762,44.0125,1.1482,1.1482
fft,openmp,downloaded,67108864,2,8308.0462,23.0522,1.3516,0.6758
fft,openmp,downloaded,67108864,4,7625.0952,51.718,1.4727,0.3682
fft,openmp,downloaded,67108864,8,7647.9815,108.0888,1.4683,0.1835
fft,openmp,downloaded,67108864,16,7276.2382,28.1312,1.5433,0.0965
fft,openmp,downloaded,67108864,32,7247.2625,26.0388,1.5494,0.0484
fft,pthreads,downloaded,67108864,1,8067.5131,86.6033,1.3919,1.3919
fft,pthreads,downloaded,67108864,2,6825.4505,103.6803,1.6452,0.8226
fft,pthreads,downloaded,67108864,4,6223.4142,87.8141,1.8043,0.4511
fft,pthreads,downloaded,67108864,8,5863.4351,36.7252,1.9151,0.2394
fft,pthreads,downloaded,67108864,16,5664.2422,52.5661,1.9825,0.1239
fft,pthreads,downloaded,67108864,32,5666.4708,6.5689,1.9817,0.0619
fir,baseline,downloaded,67108864,1,6286.3601,71.7595,1.0,1.0
fir,mpi,downloaded,67108864,1,5152.5809,10.6879,1.0,1.0
fir,mpi,downloaded,67108864,2,2581.2865,1.2602,1.9961,0.9981
fir,mpi,downloaded,67108864,4,1292.0241,1.9678,3.988,0.997
fir,mpi,downloaded,67108864,8,647.2722,0.442,7.9605,0.9951
fir,mpi,downloaded,67108864,16,324.8889,0.6437,15.8595,0.9912
fir,mpi,downloaded,67108864,32,162.4126,0.168,31.7252,0.9914
fir,openmp,downloaded,67108864,1,5704.8322,10.796,1.1019,1.1019
fir,openmp,downloaded,67108864,2,2854.8052,2.311,2.202,1.101
fir,openmp,downloaded,67108864,4,1424.9561,3.1763,4.4116,1.1029
fir,openmp,downloaded,67108864,8,713.5188,0.4263,8.8104,1.1013
fir,openmp,downloaded,67108864,16,357.1031,0.1518,17.6038,1.1002
fir,openmp,downloaded,67108864,32,181.2653,0.32,34.6804,1.0838
fir,pthreads,downloaded,67108864,1,6782.8978,0.8144,0.9268,0.9268
fir,pthreads,downloaded,67108864,2,3413.0787,2.4081,1.8418,0.9209
fir,pthreads,downloaded,67108864,4,1797.8696,1.1543,3.4966,0.8741
fir,pthreads,downloaded,67108864,8,928.7469,2.2386,6.7686,0.8461
fir,pthreads,downloaded,67108864,16,530.7963,4.0864,11.8433,0.7402
fir,pthreads,downloaded,67108864,32,476.4914,2.0656,13.193,0.4123
fft,baseline,generated,134217728,1,22454.8488,61.0213,1.0,1.0
fft,mpi,generated,134217728,1,18596.2038,25.7552,1.0,1.0
fft,mpi,generated,134217728,2,9189.6436,31.5483,2.0236,1.0118
fft,mpi,generated,134217728,4,4611.9031,70.8189,4.0322,1.0081
fft,mpi,generated,134217728,8,2342.1744,99.9162,7.9397,0.9925
fft,mpi,generated,134217728,16,1373.5724,61.1299,13.5386,0.8462
fft,mpi,generated,134217728,32,956.818,45.1667,19.4355,0.6074
fft,openmp,generated,134217728,1,19844.3788,17.181,1.1315,1.1315
fft,openmp,generated,134217728,2,17019.7342,282.2449,1.3193,0.6597
fft,openmp,generated,134217728,4,15424.2309,441.7107,1.4558,0.364
fft,openmp,generated,134217728,8,14755.9841,117.8462,1.5217,0.1902
fft,openmp,generated,134217728,16,14607.0984,20.6675,1.5373,0.0961
fft,openmp,generated,134217728,32,14560.3942,58.4517,1.5422,0.0482
fft,pthreads,generated,134217728,1,16870.6844,57.6062,1.331,1.331
fft,pthreads,generated,134217728,2,14225.7653,31.3504,1.5785,0.7892
fft,pthreads,generated,134217728,4,12948.4218,68.3341,1.7342,0.4335
fft,pthreads,generated,134217728,8,12093.5434,93.6261,1.8568,0.2321
fft,pthreads,generated,134217728,16,11619.037,91.0538,1.9326,0.1208
fft,pthreads,generated,134217728,32,11667.1402,35.2411,1.9246,0.0601
fir,baseline,generated,134217728,1,12541.8827,87.2131,1.0,1.0
fir,mpi,generated,134217728,1,10295.4555,14.6138,1.0,1.0
fir,mpi,generated,134217728,2,5152.3145,9.7853,1.9982,0.9991
fir,mpi,generated,134217728,4,2580.1757,0.8202,3.9902,0.9976
fir,mpi,generated,134217728,8,1292.4631,0.3181,7.9658,0.9957
fir,mpi,generated,134217728,16,650.4416,1.1085,15.8284,0.9893
fir,mpi,generated,134217728,32,323.9588,0.195,31.7801,0.9931
fir,openmp,generated,134217728,1,11399.0698,13.1362,1.1003,1.1003
fir,openmp,generated,134217728,2,5701.7182,6.8389,2.1997,1.0998
fir,openmp,generated,134217728,4,2842.3354,2.8451,4.4125,1.1031
fir,openmp,generated,134217728,8,1427.5571,1.2893,8.7856,1.0982
fir,openmp,generated,134217728,16,713.3206,0.4847,17.5824,1.0989
fir,openmp,generated,134217728,32,360.6399,0.8695,34.7767,1.0868
fir,pthreads,generated,134217728,1,13553.3503,2.1342,0.9254,0.9254
fir,pthreads,generated,134217728,2,6802.8438,4.6716,1.8436,0.9218
fir,pthreads,generated,134217728,4,3581.5218,1.5998,3.5018,0.8755
fir,pthreads,generated,134217728,8,1841.5518,2.2917,6.8105,0.8513
fir,pthreads,generated,134217728,16,1062.3877,12.1763,11.8054,0.7378
fir,pthreads,generated,134217728,32,950.4573,2.9319,13.1956,0.4124
fft,baseline,downloaded,134217728,1,22557.2291,245.1158,1.0,1.0
fft,mpi,downloaded,134217728,1,18597.4394,6.293,1.0,1.0
fft,mpi,downloaded,134217728,2,9196.168,31.7532,2.0223,1.0112
fft,mpi,downloaded,134217728,4,4600.5947,47.1437,4.0424,1.0106
fft,mpi,downloaded,134217728,8,2314.2213,64.8551,8.0362,1.0045
fft,mpi,downloaded,134217728,16,1370.6827,39.419,13.568,0.848
fft,mpi,downloaded,134217728,32,939.5773,1.7958,19.7934,0.6185
fft,openmp,downloaded,134217728,1,20227.3605,229.9328,1.1152,1.1152
fft,openmp,downloaded,134217728,2,17353.5521,694.9768,1.2999,0.6499
fft,openmp,downloaded,134217728,4,15295.3364,49.9976,1.4748,0.3687
fft,openmp,downloaded,134217728,8,14710.923,38.4614,1.5334,0.1917
fft,openmp,downloaded,134217728,16,14701.3654,156.454,1.5344,0.0959
fft,openmp,downloaded,134217728,32,14484.2988,32.6049,1.5574,0.0487
fft,pthreads,downloaded,134217728,1,17032.5547,82.4256,1.3244,1.3244
fft,pthreads,downloaded,134217728,2,14219.3944,77.2034,1.5864,0.7932
fft,pthreads,downloaded,134217728,4,13021.0723,67.4262,1.7324,0.4331
fft,pthreads,downloaded,134217728,8,12111.7097,113.3331,1.8624,0.2328
fft,pthreads,downloaded,134217728,16,11750.0327,87.6449,1.9198,0.12
fft,pthreads,downloaded,134217728,32,11596.336,131.9513,1.9452,0.0608
fir,baseline,downloaded,134217728,1,12554.3861,35.9002,1.0,1.0
fir,mpi,downloaded,134217728,1,10286.2397,8.0682,1.0,1.0
fir,mpi,downloaded,134217728,2,5155.689,8.7165,1.9951,0.9976
fir,mpi,downloaded,134217728,4,2581.6376,1.1884,3.9844,0.9961
fir,mpi,downloaded,134217728,8,1291.8417,0.4394,7.9625,0.9953
fir,mpi,downloaded,134217728,16,649.722,0.9332,15.8318,0.9895
fir,mpi,downloaded,134217728,32,323.9135,0.1703,31.7561,0.9924
fir,openmp,downloaded,134217728,1,11385.5573,10.8275,1.1027,1.1027
fir,openmp,downloaded,134217728,2,5702.7253,8.7766,2.2015,1.1007
fir,openmp,downloaded,134217728,4,2841.8508,1.4311,4.4177,1.1044
fir,openmp,downloaded,134217728,8,1428.4891,1.6445,8.7886,1.0986
fir,openmp,downloaded,134217728,16,712.3844,0.2392,17.623,1.1014
fir,openmp,downloaded,134217728,32,361.1056,0.4316,34.7665,1.0865
fir,pthreads,downloaded,134217728,1,13553.6936,4.6913,0.9263,0.9263
fir,pthreads,downloaded,134217728,2,6807.2242,2.1298,1.8443,0.9221
fir,pthreads,downloaded,134217728,4,3579.5665,2.0362,3.5072,0.8768
fir,pthreads,downloaded,134217728,8,1841.4628,1.5307,6.8176,0.8522
fir,pthreads,downloaded,134217728,16,1060.5621,13.6663,11.8375,0.7398
fir,pthreads,downloaded,134217728,32,950.4174,2.469,13.2093,0.4128
fft,baseline,generated,268435456,1,46639.4933,990.5628,1.0,1.0
fft,mpi,generated,268435456,1,38041.5368,25.9569,1.0,1.0
fft,mpi,generated,268435456,2,18808.687,32.8988,2.0226,1.0113
fft,mpi,generated,268435456,4,9375.763,69.6602,4.0574,1.0144
fft,mpi,generated,268435456,8,4685.6398,83.5739,8.1187,1.0148
fft,mpi,generated,268435456,16,2774.4097,40.3974,13.7116,0.857
fft,mpi,generated,268435456,32,1946.5581,28.3997,19.543,0.6107
fft,openmp,generated,268435456,1,41301.4164,919.8508,1.1292,1.1292
fft,openmp,generated,268435456,2,34116.5681,24.9424,1.3671,0.6835
fft,openmp,generated,268435456,4,31171.2325,151.9446,1.4962,0.3741
fft,openmp,generated,268435456,8,29666.9872,101.4053,1.5721,0.1965
fft,openmp,generated,268435456,16,29627.9843,28.0289,1.5742,0.0984
fft,openmp,generated,268435456,32,29559.8956,22.0497,1.5778,0.0493
fft,pthreads,generated,268435456,1,37155.3742,491.4294,1.2553,1.2553
fft,pthreads,generated,268435456,2,31194.004,219.9863,1.4951,0.7476
fft,pthreads,generated,268435456,4,28627.6244,74.7591,1.6292,0.4073
fft,pthreads,generated,268435456,8,26875.4632,53.5926,1.7354,0.2169
fft,pthreads,generated,268435456,16,25943.0175,209.2494,1.7978,0.1124
fft,pthreads,generated,268435456,32,25726.0561,173.3094,1.8129,0.0567
fir,baseline,generated,268435456,1,25136.6153,53.6416,1.0,1.0
fir,mpi,generated,268435456,1,20596.0108,33.2358,1.0,1.0
fir,mpi,generated,268435456,2,10307.1163,10.9267,1.9982,0.9991
fir,mpi,generated,268435456,4,5163.3034,0.5609,3.9889,0.9972
fir,mpi,generated,268435456,8,2582.8742,1.2192,7.9741,0.9968
fir,mpi,generated,268435456,16,1298.8486,0.773,15.8571,0.9911
fir,mpi,generated,268435456,32,647.6358,0.6219,31.8018,0.9938
fir,openmp,generated,268435456,1,22769.2872,29.2384,1.104,1.104
fir,openmp,generated,268435456,2,11377.1837,21.9085,2.2094,1.1047
fir,openmp,generated,268435456,4,5717.0256,17.1014,4.3968,1.0992
fir,openmp,generated,268435456,8,2848.1341,5.9014,8.8256,1.1032
fir,openmp,generated,268435456,16,1424.4899,1.0426,17.646,1.1029
fir,openmp,generated,268435456,32,752.7255,13.8751,33.3941,1.0436
fir,pthreads,generated,268435456,1,27088.5611,3.8382,0.9279,0.9279
fir,pthreads,generated,268435456,2,13599.0052,4.2614,1.8484,0.9242
fir,pthreads,generated,268435456,4,7146.5366,2.1842,3.5173,0.8793
fir,pthreads,generated,268435456,8,3669.5283,1.1275,6.8501,0.8563
fir,pthreads,generated,268435456,16,2198.6553,112.2989,11.4327,0.7145
fir,pthreads,generated,268435456,32,1915.0224,1.4346,13.126,0.4102
fft,baseline,downloaded,268435456,1,46205.1205,398.3088,1.0,1.0
fft,mpi,downloaded,268435456,1,38098.1717,115.377,1.0,1.0
fft,mpi,downloaded,268435456,2,18786.1064,22.9321,2.028,1.014
fft,mpi,downloaded,268435456,4,9383.1579,92.161,4.0603,1.0151
fft,mpi,downloaded,268435456,8,4643.3217,15.5556,8.2049,1.0256
fft,mpi,downloaded,268435456,16,2807.8544,60.9779,13.5684,0.848
fft,mpi,downloaded,268435456,32,1927.1701,1.9062,19.769,0.6178
fft,openmp,downloaded,268435456,1,41376.144,979.5186,1.1167,1.1167
fft,openmp,downloaded,268435456,2,33959.3173,133.0366,1.3606,0.6803
fft,openmp,downloaded,268435456,4,31140.4744,96.6991,1.4838,0.3709
fft,openmp,downloaded,268435456,8,29747.4903,201.7566,1.5532,0.1942
fft,openmp,downloaded,268435456,16,29577.4856,71.8159,1.5622,0.0976
fft,openmp,downloaded,268435456,32,29478.976,105.2262,1.5674,0.049
fft,pthreads,downloaded,268435456,1,36632.089,190.192,1.2613,1.2613
fft,pthreads,downloaded,268435456,2,31239.1895,23.1314,1.4791,0.7395
fft,pthreads,downloaded,268435456,4,28660.6552,112.7615,1.6121,0.403
fft,pthreads,downloaded,268435456,8,26850.7135,119.7142,1.7208,0.2151
fft,pthreads,downloaded,268435456,16,25974.9402,229.1531,1.7788,0.1112
fft,pthreads,downloaded,268435456,32,25861.0009,188.5937,1.7867,0.0558
fir,baseline,downloaded,268435456,1,25109.1111,54.6552,1.0,1.0
fir,mpi,downloaded,268435456,1,20597.6057,38.8067,1.0,1.0
fir,mpi,downloaded,268435456,2,10309.1581,16.8566,1.998,0.999
fir,mpi,downloaded,268435456,4,5164.017,2.098,3.9887,0.9972
fir,mpi,downloaded,268435456,8,2581.5257,0.7708,7.9788,0.9974
fir,mpi,downloaded,268435456,16,1299.16,0.3661,15.8546,0.9909
fir,mpi,downloaded,268435456,32,647.4754,0.1676,31.8122,0.9941
fir,openmp,downloaded,268435456,1,22779.4051,35.8386,1.1023,1.1023
fir,openmp,downloaded,268435456,2,11390.2533,4.8284,2.2044,1.1022
fir,openmp,downloaded,268435456,4,5692.0212,10.9239,4.4113,1.1028
fir,openmp,downloaded,268435456,8,2842.8628,0.6107,8.8323,1.104
fir,openmp,downloaded,268435456,16,1426.6207,4.6049,17.6004,1.1
fir,openmp,downloaded,268435456,32,718.2655,2.4001,34.958,1.0924
fir,pthreads,downloaded,268435456,1,27087.4256,15.187,0.927,0.927
fir,pthreads,downloaded,268435456,2,13604.4468,13.8543,1.8457,0.9228
fir,pthreads,downloaded,268435456,4,7148.3578,2.1144,3.5126,0.8781
fir,pthreads,downloaded,268435456,8,3671.7899,2.3155,6.8384,0.8548
fir,pthreads,downloaded,268435456,16,2076.0359,6.0972,12.0947,0.7559
fir,pthreads,downloaded,268435456,32,1840.2933,4.6544,13.6441,0.4264
fft,baseline,generated,536870912,1,96333.8745,1666.5903,1.0,1.0
fft,mpi,generated,536870912,1,79255.8868,14.5614,1.0,1.0
fft,mpi,generated,536870912,2,38361.7742,50.5698,2.066,1.033
fft,mpi,generated,536870912,4,18995.3653,84.3024,4.1724,1.0431
fft,mpi,generated,536870912,8,9502.2659,24.4494,8.3407,1.0426
fft,mpi,generated,536870912,16,5709.8446,60.841,13.8806,0.8675
fft,mpi,generated,536870912,32,4022.6934,75.7596,19.7022,0.6157
fft,openmp,generated,536870912,1,96383.5614,16277.47,0.9995,0.9995
fft,openmp,generated,536870912,2,73463.6797,5449.7622,1.3113,0.6557
fft,openmp,generated,536870912,4,64290.1401,49.2816,1.4984,0.3746
fft,openmp,generated,536870912,8,61756.5653,22.5337,1.5599,0.195
fft,openmp,generated,536870912,16,61391.8757,30.983,1.5692,0.0981
fft,openmp,generated,536870912,32,61196.7372,179.9967,1.5742,0.0492
fft,pthreads,generated,536870912,1,75813.2145,2029.5725,1.2707,1.2707
fft,pthreads,generated,536870912,2,62553.8098,88.5053,1.54,0.77
fft,pthreads,generated,536870912,4,57132.7177,287.6252,1.6861,0.4215
fft,pthreads,generated,536870912,8,53274.8815,109.5008,1.8082,0.226
fft,pthreads,generated,536870912,16,51506.198,227.7704,1.8703,0.1169
fft,pthreads,generated,536870912,32,51760.7413,280.9641,1.8611,0.0582
fir,baseline,generated,536870912,1,50090.6545,98.6466,1.0,1.0
fir,mpi,generated,536870912,1,41142.704,66.9424,1.0,1.0
fir,mpi,generated,536870912,2,20639.7783,18.6538,1.9934,0.9967
fir,mpi,generated,536870912,4,10322.015,2.0524,3.9859,0.9965
fir,mpi,generated,536870912,8,5165.4286,7.3992,7.965,0.9956
fir,mpi,generated,536870912,16,2596.2979,3.7024,15.8467,0.9904
fir,mpi,generated,536870912,32,1293.9952,1.4884,31.7951,0.9936
fir,openmp,generated,536870912,1,45490.2362,89.8761,1.1011,1.1011
fir,openmp,generated,536870912,2,22766.4173,12.229,2.2002,1.1001
fir,openmp,generated,536870912,4,11397.6425,4.6959,4.3948,1.0987
fir,openmp,generated,536870912,8,5702.8781,2.0409,8.7834,1.0979
fir,openmp,generated,536870912,16,2844.4617,1.7347,17.6099,1.1006
fir,openmp,generated,536870912,32,1427.9563,0.2918,35.0786,1.0962
fir,pthreads,generated,536870912,1,54138.2656,8.3794,0.9252,0.9252
fir,pthreads,generated,536870912,2,27173.1865,6.929,1.8434,0.9217
fir,pthreads,generated,536870912,4,14277.0503,4.084,3.5085,0.8771
fir,pthreads,generated,536870912,8,7337.0451,18.1617,6.8271,0.8534
fir,pthreads,generated,536870912,16,4171.7352,8.9704,12.0072,0.7504
fir,pthreads,generated,536870912,32,3697.0275,8.67,13.5489,0.4234
fft,baseline,downloaded,536870912,1,99056.4966,2122.8985,1.0,1.0
fft,mpi,downloaded,536870912,1,79288.9629,175.7369,1.0,1.0
fft,mpi,downloaded,536870912,2,38460.5141,72.1549,2.0616,1.0308
fft,mpi,downloaded,536870912,4,19827.3373,1157.0275,3.999,0.9997
fft,mpi,downloaded,536870912,8,10671.9607,1231.7094,7.4297,0.9287
fft,mpi,downloaded,536870912,16,5879.8153,25.2566,13.4849,0.8428
fft,mpi,downloaded,536870912,32,4946.0219,573.4721,16.0309,0.501
fft,openmp,downloaded,536870912,1,83615.3065,154.3025,1.1847,1.1847
fft,openmp,downloaded,536870912,2,70722.3433,88.528,1.4006,0.7003
fft,openmp,downloaded,536870912,4,64340.9826,41.8939,1.5396,0.3849
fft,openmp,downloaded,536870912,8,61755.9745,181.0073,1.604,0.2005
fft,openmp,downloaded,536870912,16,60798.8268,88.61,1.6293,0.1018
fft,openmp,downloaded,536870912,32,60511.5557,192.323,1.637,0.0512
fft,pthreads,downloaded,536870912,1,74200.7592,489.6584,1.335,1.335
fft,pthreads,downloaded,536870912,2,63116.8333,225.5223,1.5694,0.7847
fft,pthreads,downloaded,536870912,4,57859.1887,302.3073,1.712,0.428
fft,pthreads,downloaded,536870912,8,54135.063,387.5886,1.8298,0.2287
fft,pthreads,downloaded,536870912,16,52413.8323,384.2219,1.8899,0.1181
fft,pthreads,downloaded,536870912,32,52043.8295,372.287,1.9033,0.0595
fir,baseline,downloaded,536870912,1,49997.1302,59.1364,1.0,1.0
fir,mpi,downloaded,536870912,1,41206.0979,75.1748,1.0,1.0
fir,mpi,downloaded,536870912,2,20614.7919,44.5422,1.9989,0.9994
fir,mpi,downloaded,536870912,4,10595.4656,8.7979,3.889,0.9723
fir,mpi,downloaded,536870912,8,5285.4951,13.3164,7.7961,0.9745
fir,mpi,downloaded,536870912,16,2622.4871,20.1076,15.7126,0.982
fir,mpi,downloaded,536870912,32,1311.0078,2.4091,31.4309,0.9822
fir,openmp,downloaded,536870912,1,45478.8216,81.3505,1.0993,1.0993
fir,openmp,downloaded,536870912,2,22774.1536,5.8845,2.1953,1.0977
fir,openmp,downloaded,536870912,4,11379.9423,22.828,4.3934,1.0984
fir,openmp,downloaded,536870912,8,5701.03,2.1813,8.7698,1.0962
fir,openmp,downloaded,536870912,16,2843.8954,0.8132,17.5805,1.0988
fir,openmp,downloaded,536870912,32,1427.7143,1.3783,35.019,1.0943
fir,pthreads,downloaded,536870912,1,54143.0405,15.0098,0.9234,0.9234
fir,pthreads,downloaded,536870912,2,27193.9582,30.1423,1.8385,0.9193
fir,pthreads,downloaded,536870912,4,14283.3992,2.903,3.5004,0.8751
fir,pthreads,downloaded,536870912,8,7326.3819,1.6341,6.8243,0.853
fir,pthreads,downloaded,536870912,16,4168.331,6.2351,11.9945,0.7497
fir,pthreads,downloaded,536870912,32,3694.144,7.625,13.5342,0.4229
fft,pthreads,generated,1073741824,1,156373.9522,5482.6284,,
fft,pthreads,generated,1073741824,2,125579.8971,384.6321,,
fft,pthreads,generated,1073741824,4,114399.2848,628.6401,,
fft,pthreads,generated,1073741824,8,106593.0135,580.4327,,
fft,pthreads,generated,1073741824,16,103348.1361,588.1867,,
fft,pthreads,generated,1073741824,32,102792.2805,503.2939,,
fir,openmp,generated,1073741824,1,91064.8812,274.7845,,
fir,openmp,generated,1073741824,2,45451.2929,66.6629,,
fir,openmp,generated,1073741824,4,22799.1232,14.9789,,
fir,openmp,generated,1073741824,8,11399.8089,2.1031,,
fir,openmp,generated,1073741824,16,5684.2578,1.1252,,
fir,openmp,generated,1073741824,32,2848.8979,0.9781,,
fir,pthreads,generated,1073741824,1,108271.9337,19.4556,,
fir,pthreads,generated,1073741824,2,54336.3932,13.5591,,
fir,pthreads,generated,1073741824,4,28594.7902,111.3913,,
fir,pthreads,generated,1073741824,8,14637.8487,1.0955,,
fir,pthreads,generated,1073741824,16,8379.4,7.3259,,
fir,pthreads,generated,1073741824,32,7416.5624,4.246,,
